--Locations table data 
INSERT INTO locations(LOCATION_ID,LOCATION_NAME) VALUES('N101','DELHI');
INSERT INTO locations(LOCATION_ID,LOCATION_NAME) VALUES('N102','KANPUR');
INSERT INTO locations(LOCATION_ID,LOCATION_NAME) VALUES('N103','LACKNAU');
INSERT INTO locations(LOCATION_ID,LOCATION_NAME) VALUES('S101','BENGLURU');
INSERT INTO locations(LOCATION_ID,LOCATION_NAME) VALUES('S102','CHENNAI');
INSERT INTO locations(LOCATION_ID,LOCATION_NAME) VALUES('S103','HYDERABAD');
INSERT INTO locations(LOCATION_ID,LOCATION_NAME) VALUES('E101','KOLKATA');
INSERT INTO locations(LOCATION_ID,LOCATION_NAME) VALUES('E102','RANCHI');
INSERT INTO locations(LOCATION_ID,LOCATION_NAME) VALUES('E103','BHUVNESHWAR');
INSERT INTO locations(LOCATION_ID,LOCATION_NAME) VALUES('W101','MUMBAI');
INSERT INTO locations(LOCATION_ID,LOCATION_NAME) VALUES('W102','AHAMADABAD');
INSERT INTO locations(LOCATION_ID,LOCATION_NAME) VALUES('W103','BHOPAL');
Commit;

--Customers data 
INSERT INTO CUSTOMERS(CUST_ID,CUST_NAME,phone,email,address,loc_id) VALUES('C101','Manisha','+917685748765','manisha@gmail.com','127 lajpat Nagar','W101');
INSERT INTO CUSTOMERS(CUST_ID,CUST_NAME,phone,email,address,loc_id) VALUES('C102','Nisha','+917685738765','nisha@gmail.com','rajpath Nagar','W101');
INSERT INTO CUSTOMERS(CUST_ID,CUST_NAME,phone,email,address,loc_id) VALUES('C103','Sandip','+917686748765','sandip@gmail.com','jamnagar Nagar','W101');
INSERT INTO CUSTOMERS(CUST_ID,CUST_NAME,phone,email,address,loc_id) VALUES('C104','Anisha','+917689748765','anisha@gmail.com','127 soujanya Nagar','W102');
INSERT INTO CUSTOMERS(CUST_ID,CUST_NAME,phone,email,address,loc_id) VALUES('C105','Disha','+917685848765','disha@gmail.com','101 karuna Nagar','W102');
INSERT INTO CUSTOMERS(CUST_ID,CUST_NAME,phone,email,address,loc_id) VALUES('C106','Sunil','+917685948765','sunil@gmail.com','131 varun Nagar','W103');
INSERT INTO CUSTOMERS(CUST_ID,CUST_NAME,phone,email,address,loc_id) VALUES('C107','Sachin','+9176865748765','sachin@gmail.com','shyampal Nagar','W103');
INSERT INTO CUSTOMERS(CUST_ID,CUST_NAME,phone,email,address,loc_id) VALUES('C108','Rahul','+917685348765','rahul@gmail.com','gandhi Nagar','W103');
INSERT INTO CUSTOMERS(CUST_ID,CUST_NAME,phone,email,address,loc_id) VALUES('C109','Ganesh','+917689740765','ganesh1@gmail.com','165 shivaji Nagar','N101');
INSERT INTO CUSTOMERS(CUST_ID,CUST_NAME,phone,email,address,loc_id) VALUES('C110','Suresh','+917685748769','suresh@gmail.com','112 shatri Nagar','N101');
INSERT INTO CUSTOMERS(CUST_ID,CUST_NAME,phone,email,address,loc_id) VALUES('C111','Mukesh','+917685748761','mukesh@gmail.com','101 harsda Nagar','N101');
INSERT INTO CUSTOMERS(CUST_ID,CUST_NAME,phone,email,address,loc_id) VALUES('C112','Rajesh','+917685748762','rajesh@gmail.com','191 mk Nagar','N101');
INSERT INTO CUSTOMERS(CUST_ID,CUST_NAME,phone,email,address,loc_id) VALUES('C113','Sandesh','+917685748763','sandesh@gmail.com','132 rani Nagar','N102');
INSERT INTO CUSTOMERS(CUST_ID,CUST_NAME,phone,email,address,loc_id) VALUES('C114','Sita','+917685748764','sita@gmail.com','721 kano Nagar','N103');
INSERT INTO CUSTOMERS(CUST_ID,CUST_NAME,phone,email,address,loc_id) VALUES('C115','Rita','+917685748768','rita@gmail.com','908 mano Nagar','N103');
INSERT INTO CUSTOMERS(CUST_ID,CUST_NAME,phone,email,address,loc_id) VALUES('C116','Geeta','+917685748715','geeta@gmail.com','708 nani Nagar','S101');
INSERT INTO CUSTOMERS(CUST_ID,CUST_NAME,phone,email,address,loc_id) VALUES('C117','Monika','+917685748725','monika@gmail.com','625 kani Nagar','S102');
INSERT INTO CUSTOMERS(CUST_ID,CUST_NAME,phone,email,address,loc_id) VALUES('C118','Megha','+917685748735','megha@gmail.com','172 janki Nagar','S102');
INSERT INTO CUSTOMERS(CUST_ID,CUST_NAME,phone,email,address,loc_id) VALUES('C119','Vishal','+917685748745','vishal@gmail.com','187 karuna Nagar','S102');
INSERT INTO CUSTOMERS(CUST_ID,CUST_NAME,phone,email,address,loc_id) VALUES('C120','Ganesh P','+917685748245','ganeshp010@gmail.com','123 lajpat Nagar','S103');
INSERT INTO CUSTOMERS(CUST_ID,CUST_NAME,phone,email,address,loc_id) VALUES('C121','Sachin T','+917685748755','sachin01@gmail.com','192 Gandhi Nagar','S103');
INSERT INTO CUSTOMERS(CUST_ID,CUST_NAME,phone,email,address,loc_id) VALUES('C122','Rashi','+917685748775','rashi02@gmail.com','761 Shivaji Nagar','S103');
INSERT INTO CUSTOMERS(CUST_ID,CUST_NAME,phone,email,address,loc_id) VALUES('C123','Shashi','+917685748785','shashi03@gmail.com','987 kal Nagar','S103');
INSERT INTO CUSTOMERS(CUST_ID,CUST_NAME,phone,email,address,loc_id) VALUES('C124','Sandhya','+917685748795','sandhya@gmail.com','987 lajpat Nagar','W101');
INSERT INTO CUSTOMERS(CUST_ID,CUST_NAME,phone,email,address,loc_id) VALUES('C125','Leela','+911685748765','leela@gmail.com','980 bhakti Nagar','E101');
INSERT INTO CUSTOMERS(CUST_ID,CUST_NAME,phone,email,address,loc_id) VALUES('C126','Nutan','+912685748765','nutan@gmail.com','987 omkar Nagar','E101');
INSERT INTO CUSTOMERS(CUST_ID,CUST_NAME,phone,email,address,loc_id) VALUES('C127','Omkar','+913685748765','omkar@gmail.com','098 janpath Nagar','E101');
INSERT INTO CUSTOMERS(CUST_ID,CUST_NAME,phone,email,address,loc_id) VALUES('C128','Bablu','+914685748765','bablu@gmail.com','078 ram Nagar','E101');
INSERT INTO CUSTOMERS(CUST_ID,CUST_NAME,phone,email,address,loc_id) VALUES('C129','Sakshi','+915685748765','sakshi@gmail.com','987 karve Nagar','E102');
INSERT INTO CUSTOMERS(CUST_ID,CUST_NAME,phone,email,address,loc_id) VALUES('C130','Harsh','+916685748765','harsh@gmail.com','970 kailash Nagar','E102');
INSERT INTO CUSTOMERS(CUST_ID,CUST_NAME,phone,email,address,loc_id) VALUES('C131','Rohit','+918685748765','rohit01@gmail.com','567 janki Nagar','E101');
INSERT INTO CUSTOMERS(CUST_ID,CUST_NAME,phone,email,address,loc_id) VALUES('C132','Manisha','+919685748765','manisha02@gmail.com','675 lal Nagar','E103');
INSERT INTO CUSTOMERS(CUST_ID,CUST_NAME,phone,email,address,loc_id) VALUES('C133','Rahul','+917185748765','rahul06@gmail.com','765 mani Nagar','E103');
INSERT INTO CUSTOMERS(CUST_ID,CUST_NAME,phone,email,address,loc_id) VALUES('C134','Ajay','+917285748765','ajay01@gmail.com','765 rana Nagar','E103');
INSERT INTO CUSTOMERS(CUST_ID,CUST_NAME,phone,email,address,loc_id) VALUES('C135','Vijay','+917385748765','vijay08@gmail.com','127 patap Nagar','E103');
INSERT INTO CUSTOMERS(CUST_ID,CUST_NAME,phone,email,address,loc_id) VALUES('C136','Sanjay','+917485748765','sanjay03@gmail.com','098 hahsad Nagar','E103');
commit;
/

--products data

INSERT INTO PRODUCTS(product_id,product_name,product_desc,product_price,product_stock) values('P101','Camera','10mp camera',450,30);
INSERT INTO PRODUCTS(product_id,product_name,product_desc,product_price,product_stock) values('P102','Television','42 color television',600,20);
INSERT INTO PRODUCTS(product_id,product_name,product_desc,product_price,product_stock) values('P103','Refrigerator','double door',130,10);
INSERT INTO PRODUCTS(product_id,product_name,product_desc,product_price,product_stock) values('P104','Mobile Phone','Samsung Mobile',180,40);
INSERT INTO PRODUCTS(product_id,product_name,product_desc,product_price,product_stock) values('P105','Laptop','Lennovo laptop',450,15);
commit;

--order_status_data
INSERT INTO ORDER_STATUS_DESC(STATUS,STATUS_DESC) VALUES('CON','Order confirmed');
INSERT INTO ORDER_STATUS_DESC(STATUS,STATUS_DESC) VALUES('SHP','Order shipped');
INSERT INTO ORDER_STATUS_DESC(STATUS,STATUS_DESC) VALUES('DEL','Order delivered');
INSERT INTO ORDER_STATUS_DESC(STATUS,STATUS_DESC) VALUES('CAN','Order cancelled');
INSERT INTO ORDER_STATUS_DESC(STATUS,STATUS_DESC) VALUES('RET','Order returned');
commit;

--orders data
INSERT INTO ORDERS(CUST_ID,PRODUCT_ID,ORDER_DATE,PRODUCT_QTY,PRICE,STATUS) VALUES('C101','P101','01-MAR-19',1,450,'CON');
INSERT INTO ORDERS(CUST_ID,PRODUCT_ID,ORDER_DATE,PRODUCT_QTY,PRICE,STATUS) VALUES('C101','P102','05-FEB-19',1,600,'DEL');
INSERT INTO ORDERS(CUST_ID,PRODUCT_ID,ORDER_DATE,PRODUCT_QTY,PRICE,STATUS) VALUES('C102','P103','04-FEB-19',1,130,'DEL');
INSERT INTO ORDERS(CUST_ID,PRODUCT_ID,ORDER_DATE,PRODUCT_QTY,PRICE,STATUS) VALUES('C102','P104','06-FEB-19',1,180,'DEL');
INSERT INTO ORDERS(CUST_ID,PRODUCT_ID,ORDER_DATE,PRODUCT_QTY,PRICE,STATUS) VALUES('C103','P105','10-FEB-19',1,450,'DEL');
INSERT INTO ORDERS(CUST_ID,PRODUCT_ID,ORDER_DATE,PRODUCT_QTY,PRICE,STATUS) VALUES('C101','P101','12-FEB-19',1,450,'CAN');
INSERT INTO ORDERS(CUST_ID,PRODUCT_ID,ORDER_DATE,PRODUCT_QTY,PRICE,STATUS) VALUES('C104','P102','11-FEB-19',1,600,'DEL');
INSERT INTO ORDERS(CUST_ID,PRODUCT_ID,ORDER_DATE,PRODUCT_QTY,PRICE,STATUS) VALUES('C104','P102','07-FEB-19',1,600,'DEL');
INSERT INTO ORDERS(CUST_ID,PRODUCT_ID,ORDER_DATE,PRODUCT_QTY,PRICE,STATUS) VALUES('C105','P101','06-FEB-19',1,450,'CAN');
INSERT INTO ORDERS(CUST_ID,PRODUCT_ID,ORDER_DATE,PRODUCT_QTY,PRICE,STATUS) VALUES('C106','P105','03-FEB-19',1,450,'DEL');
INSERT INTO ORDERS(CUST_ID,PRODUCT_ID,ORDER_DATE,PRODUCT_QTY,PRICE,STATUS) VALUES('C107','P101','02-FEB-19',1,450,'DEL');
INSERT INTO ORDERS(CUST_ID,PRODUCT_ID,ORDER_DATE,PRODUCT_QTY,PRICE,STATUS) VALUES('C108','P105','02-MAR-19',1,450,'DEL');
INSERT INTO ORDERS(CUST_ID,PRODUCT_ID,ORDER_DATE,PRODUCT_QTY,PRICE,STATUS) VALUES('C109','P102','06-MAR-19',1,600,'CAN');
INSERT INTO ORDERS(CUST_ID,PRODUCT_ID,ORDER_DATE,PRODUCT_QTY,PRICE,STATUS) VALUES('C110','P102','05-MAR-19',1,640,'SHP');
INSERT INTO ORDERS(CUST_ID,PRODUCT_ID,ORDER_DATE,PRODUCT_QTY,PRICE,STATUS) VALUES('C111','P103','02-FEB-19',1,130,'DEL');
INSERT INTO ORDERS(CUST_ID,PRODUCT_ID,ORDER_DATE,PRODUCT_QTY,PRICE,STATUS) VALUES('C112','P101','18-FEB-19',1,450,'DEL');
INSERT INTO ORDERS(CUST_ID,PRODUCT_ID,ORDER_DATE,PRODUCT_QTY,PRICE,STATUS) VALUES('C105','P102','19-FEB-19',1,600,'DEL');
INSERT INTO ORDERS(CUST_ID,PRODUCT_ID,ORDER_DATE,PRODUCT_QTY,PRICE,STATUS) VALUES('C106','P103','16-MAR-19',1,130,'SHP');
INSERT INTO ORDERS(CUST_ID,PRODUCT_ID,ORDER_DATE,PRODUCT_QTY,PRICE,STATUS) VALUES('C107','P101','12-MAR-19',1,450,'SHP');
INSERT INTO ORDERS(CUST_ID,PRODUCT_ID,ORDER_DATE,PRODUCT_QTY,PRICE,STATUS) VALUES('C131','P103','14-MAR-19',1,130,'SHP');
INSERT INTO ORDERS(CUST_ID,PRODUCT_ID,ORDER_DATE,PRODUCT_QTY,PRICE,STATUS) VALUES('C125','P101','16-MAR-19',1,450,'SHP');
INSERT INTO ORDERS(CUST_ID,PRODUCT_ID,ORDER_DATE,PRODUCT_QTY,PRICE,STATUS) VALUES('C109','P101','15-MAR-19',1,450,'CAN');
INSERT INTO ORDERS(CUST_ID,PRODUCT_ID,ORDER_DATE,PRODUCT_QTY,PRICE,STATUS) VALUES('C108','P103','13-FEB-19',1,130,'DEL');
INSERT INTO ORDERS(CUST_ID,PRODUCT_ID,ORDER_DATE,PRODUCT_QTY,PRICE,STATUS) VALUES('C121','P101','10-FEB-19',1,450,'CON');
INSERT INTO ORDERS(CUST_ID,PRODUCT_ID,ORDER_DATE,PRODUCT_QTY,PRICE,STATUS) VALUES('C127','P103','09-MAR-19',1,130,'CON');
INSERT INTO ORDERS(CUST_ID,PRODUCT_ID,ORDER_DATE,PRODUCT_QTY,PRICE,STATUS) VALUES('C126','P101','17-FEB-19',1,450,'CON');
INSERT INTO ORDERS(CUST_ID,PRODUCT_ID,ORDER_DATE,PRODUCT_QTY,PRICE,STATUS) VALUES('C127','P101','13-FEB-19',1,450,'CAN');
INSERT INTO ORDERS(CUST_ID,PRODUCT_ID,ORDER_DATE,PRODUCT_QTY,PRICE,STATUS) VALUES('C128','P101','05-FEB-19',1,450,'CAN');
INSERT INTO ORDERS(CUST_ID,PRODUCT_ID,ORDER_DATE,PRODUCT_QTY,PRICE,STATUS) VALUES('C129','P101','07-FEB-19',1,450,'DEL');
INSERT INTO ORDERS(CUST_ID,PRODUCT_ID,ORDER_DATE,PRODUCT_QTY,PRICE,STATUS) VALUES('C130','P101','08-FEB-19',1,450,'DEL');
INSERT INTO ORDERS(CUST_ID,PRODUCT_ID,ORDER_DATE,PRODUCT_QTY,PRICE,STATUS) VALUES('C131','P101','09-FEB-19',1,450,'DEL');
INSERT INTO ORDERS(CUST_ID,PRODUCT_ID,ORDER_DATE,PRODUCT_QTY,PRICE,STATUS) VALUES('C132','P101','09-FEB-19',1,450,'CAN');
INSERT INTO ORDERS(CUST_ID,PRODUCT_ID,ORDER_DATE,PRODUCT_QTY,PRICE,STATUS) VALUES('C133','P101','12-FEB-19',1,450,'RET');
INSERT INTO ORDERS(CUST_ID,PRODUCT_ID,ORDER_DATE,PRODUCT_QTY,PRICE,STATUS) VALUES('C134','P101','17-FEB-19',1,450,'RET');
INSERT INTO ORDERS(CUST_ID,PRODUCT_ID,ORDER_DATE,PRODUCT_QTY,PRICE,STATUS) VALUES('C135','P101','10-FEB-19',1,450,'DEL');
INSERT INTO ORDERS(CUST_ID,PRODUCT_ID,ORDER_DATE,PRODUCT_QTY,PRICE,STATUS) VALUES('C136','P101','25-FEB-19',1,450,'DEL');
INSERT INTO ORDERS(CUST_ID,PRODUCT_ID,ORDER_DATE,PRODUCT_QTY,PRICE,STATUS) VALUES('C107','P101','27-FEB-19',1,450,'DEL');
INSERT INTO ORDERS(CUST_ID,PRODUCT_ID,ORDER_DATE,PRODUCT_QTY,PRICE,STATUS) VALUES('C119','P101','22-FEB-19',1,450,'DEL');
INSERT INTO ORDERS(CUST_ID,PRODUCT_ID,ORDER_DATE,PRODUCT_QTY,PRICE,STATUS) VALUES('C120','P104','03-MAR-19',1,180,'CON');
INSERT INTO ORDERS(CUST_ID,PRODUCT_ID,ORDER_DATE,PRODUCT_QTY,PRICE,STATUS) VALUES('C122','P104','02-MAR-19',1,180,'SHP');
INSERT INTO ORDERS(CUST_ID,PRODUCT_ID,ORDER_DATE,PRODUCT_QTY,PRICE,STATUS) VALUES('C124','P103','01-MAR-19',1,130,'CAN');
INSERT INTO ORDERS(CUST_ID,PRODUCT_ID,ORDER_DATE,PRODUCT_QTY,PRICE,STATUS) VALUES('C128','P103','01-MAR-19',1,130,'CAN');
INSERT INTO ORDERS(CUST_ID,PRODUCT_ID,ORDER_DATE,PRODUCT_QTY,PRICE,STATUS) VALUES('C114','P104','04-MAR-19',1,180,'SHP');
INSERT INTO ORDERS(CUST_ID,PRODUCT_ID,ORDER_DATE,PRODUCT_QTY,PRICE,STATUS) VALUES('C115','P105','01-MAR-19',1,450,'SHP');
INSERT INTO ORDERS(CUST_ID,PRODUCT_ID,ORDER_DATE,PRODUCT_QTY,PRICE,STATUS) VALUES('C116','P103','01-MAR-19',1,130,'SHP');
INSERT INTO ORDERS(CUST_ID,PRODUCT_ID,ORDER_DATE,PRODUCT_QTY,PRICE,STATUS) VALUES('C117','P104','01-MAR-19',1,180,'SHP');
INSERT INTO ORDERS(CUST_ID,PRODUCT_ID,ORDER_DATE,PRODUCT_QTY,PRICE,STATUS) VALUES('C111','P105','01-MAR-19',1,450,'CON');
INSERT INTO ORDERS(CUST_ID,PRODUCT_ID,ORDER_DATE,PRODUCT_QTY,PRICE,STATUS) VALUES('C118','P104','01-MAR-19',1,180,'SHP');
INSERT INTO ORDERS(CUST_ID,PRODUCT_ID,ORDER_DATE,PRODUCT_QTY,PRICE,STATUS) VALUES('C120','P101','01-MAR-19',1,450,'CAN');
INSERT INTO ORDERS(CUST_ID,PRODUCT_ID,ORDER_DATE,PRODUCT_QTY,PRICE,STATUS) VALUES('C121','P105','01-MAR-19',1,450,'CON');
INSERT INTO ORDERS(CUST_ID,PRODUCT_ID,ORDER_DATE,PRODUCT_QTY,PRICE,STATUS) VALUES('C122','P101','01-MAR-19',1,450,'SHP');
INSERT INTO ORDERS(CUST_ID,PRODUCT_ID,ORDER_DATE,PRODUCT_QTY,PRICE,STATUS) VALUES('C123','P105','01-MAR-19',1,450,'SHP');
INSERT INTO ORDERS(CUST_ID,PRODUCT_ID,ORDER_DATE,PRODUCT_QTY,PRICE,STATUS) VALUES('C124','P101','01-MAR-19',1,450,'CON');
INSERT INTO ORDERS(CUST_ID,PRODUCT_ID,ORDER_DATE,PRODUCT_QTY,PRICE,STATUS) VALUES('C125','P105','01-MAR-19',1,450,'SHP');
INSERT INTO ORDERS(CUST_ID,PRODUCT_ID,ORDER_DATE,PRODUCT_QTY,PRICE,STATUS) VALUES('C126','P101','01-MAR-19',1,450,'CON');
commit;
/

select * from invoices

